other, 2246981.jpeg
other, 2247438.jpeg
other, 2247552.jpeg
other, 2247993.jpeg
other, 2248183.jpeg
other, 2248668.jpeg
other, 2248851.jpeg
other, 2249491.jpeg
other, 2249727.jpeg
other, 2249743.jpeg
other, 2249786.jpeg
other, 2250005.jpeg
other, 2250120.jpeg
other, 2250646.jpeg
other, 2251270.jpeg
other, 2251546.jpeg
other, 2251719.jpeg
other, 2251955.jpeg
other, 2252204.jpeg
other, 2253074.jpeg
other, 2253172.jpeg
other, 2253368.jpeg
other, 2253954.jpeg
other, 2254178.jpeg
other, 2254909.jpeg
other, 2255253.jpeg
other, 2255722.jpeg
other, 2256295.jpeg
other, 2256720.jpeg
other, 2257294.jpeg
other, 2257523.jpeg
other, 2258204.jpeg
other, 2258252.jpeg
other, 2260039.jpeg
other, 2260299.jpeg
other, 2260824.jpeg
other, 2261415.jpeg
other, 2261926.jpeg
other, 2262083.jpeg
other, 2262260.jpeg
other, 2262490.jpeg
other, 2262859.jpeg
other, 2263003.jpeg
other, 2263509.jpeg
other, 2264242.jpeg
other, 2264344.jpeg
other, 2264666.jpeg
other, 2264700.jpeg
other, 2264799.jpeg
other, 2265210.jpeg
other, 2265664.jpeg
other, 2266302.jpeg
other, 2266350.jpeg
other, 2266775.jpeg
other, 2266878.jpeg
other, 2267107.jpeg
other, 2267404.jpeg
other, 2267523.jpeg
other, 2267526.jpeg
other, 2268556.jpeg
other, 2268778.jpeg
other, 2269131.jpeg
other, 2269513.jpeg
other, 2269892.jpeg
other, 2270490.jpeg
other, 2271348.jpeg
other, 2271939.jpeg
other, 2272238.jpeg
other, 2272310.jpeg
other, 2272497.jpeg
other, 2273173.jpeg
other, 2273188.jpeg
other, 2273485.jpeg
other, 2273712.jpeg
other, 2274113.jpeg
other, 2274737.jpeg
other, 2274893.jpeg
other, 2274986.jpeg
other, 2275243.jpeg
other, 2276064.jpeg
other, 2276278.jpeg
other, 2276670.jpeg
other, 2277425.jpeg
other, 2277527.jpeg
other, 2277541.jpeg
other, 2277637.jpeg
other, 2278155.jpeg
other, 2278179.jpeg
other, 2278643.jpeg
other, 2278654.jpeg
other, 2278699.jpeg
other, 2278763.jpeg
other, 2278962.jpeg
other, 2279180.jpeg
other, 2279423.jpeg
other, 2279477.jpeg
other, 2279745.jpeg
other, 2280239.jpeg
other, 2280570.jpeg
other, 2281013.jpeg
other, 2281024.jpeg
other, 2281442.jpeg
other, 2282575.jpeg
other, 2282795.jpeg
other, 2283087.jpeg
other, 2283592.jpeg
other, 2284268.jpeg
other, 2284340.jpeg
other, 2284674.jpeg
other, 2285193.jpeg
other, 2285892.jpeg
other, 2286211.jpeg
other, 2287385.jpeg
other, 2287481.jpeg
other, 2287573.jpeg
other, 2287601.jpeg
other, 2287848.jpeg
other, 2288314.jpeg
other, 2288886.jpeg
other, 2289131.jpeg
other, 2289379.jpeg
other, 2289750.jpeg
other, 2290004.jpeg
other, 2291095.jpeg
other, 2291800.jpeg
other, 2291896.jpeg
other, 2291930.jpeg
other, 2292012.jpeg
other, 2292044.jpeg
other, 2292359.jpeg
other, 2292532.jpeg
other, 2292663.jpeg
other, 2292900.jpeg
other, 2293123.jpeg
other, 2293165.jpeg
other, 2293421.jpeg
other, 2293444.jpeg
other, 2293518.jpeg
other, 2293799.jpeg
other, 2294291.jpeg
other, 2294497.jpeg
other, 2294567.jpeg
other, 2294823.jpeg
other, 2295421.jpeg
other, 2295483.jpeg
other, 2295866.jpeg
other, 2296039.jpeg
other, 2296438.jpeg
other, 2296736.jpeg
other, 2296863.jpeg
other, 2297135.jpeg
other, 2297659.jpeg
other, 2297711.jpeg
other, 2297727.jpeg
other, 2297777.jpeg
other, 2298621.jpeg
other, 2299008.jpeg
other, 2299103.jpeg
other, 2299358.jpeg
other, 2299539.jpeg
other, 2299557.jpeg
other, 2300004.jpeg
other, 2301381.jpeg
other, 2301972.jpeg
other, 2302501.jpeg
other, 2302535.jpeg
other, 2302954.jpeg
other, 2302985.jpeg
other, 2303012.jpeg
other, 2304317.jpeg
other, 2304390.jpeg
other, 2305913.jpeg
other, 2306374.jpeg
other, 2306408.jpeg
other, 2306698.jpeg
other, 2306885.jpeg
other, 2307134.jpeg
other, 2307282.jpeg
other, 2307346.jpeg
other, 2307609.jpeg
other, 2307890.jpeg
other, 2308305.jpeg
other, 2308465.jpeg
other, 2308476.jpeg
other, 2308490.jpeg
other, 2308729.jpeg
other, 2309266.jpeg
other, 2309342.jpeg
other, 2309666.jpeg
other, 2310220.jpeg
other, 2310443.jpeg
other, 2310815.jpeg
other, 2311490.jpeg
other, 2311684.jpeg
other, 2311705.jpeg
other, 2311732.jpeg
other, 2311922.jpeg
other, 2312079.jpeg
other, 2312260.jpeg
other, 2312347.jpeg
other, 2312436.jpeg
other, 2314456.jpeg
other, 2314722.jpeg
other, 2314765.jpeg
other, 2315277.jpeg
other, 2315424.jpeg
other, 2316068.jpeg
other, 2316146.jpeg
other, 2316219.jpeg
other, 2316689.jpeg
other, 2317094.jpeg
other, 2317772.jpeg
other, 2317925.jpeg
other, 2317946.jpeg
other, 2317963.jpeg
other, 2317967.jpeg
other, 2318672.jpeg
other, 2318864.jpeg
other, 2319461.jpeg
other, 2319788.jpeg
other, 2321040.jpeg
other, 2321250.jpeg
other, 2321352.jpeg
other, 2321368.jpeg
other, 2322005.jpeg
other, 2322126.jpeg
other, 2322397.jpeg
other, 2323568.jpeg
other, 2323850.jpeg
other, 2324448.jpeg
other, 2324457.jpeg
other, 2324484.jpeg
other, 2324879.jpeg
other, 2325272.jpeg
other, 2325339.jpeg
other, 2325694.jpeg
other, 2326273.jpeg
other, 2326325.jpeg
other, 2326748.jpeg
other, 2327059.jpeg
other, 2327311.jpeg
other, 2327661.jpeg
other, 2328158.jpeg
other, 2328283.jpeg
other, 2328792.jpeg
other, 2329435.jpeg
other, 2329543.jpeg
other, 2329666.jpeg
other, 2330681.jpeg
other, 2330893.jpeg
other, 2331431.jpeg
other, 2332364.jpeg
other, 2332370.jpeg
other, 2332492.jpeg
other, 2333129.jpeg
other, 2333420.jpeg
other, 2333470.jpeg
other, 2333803.jpeg
other, 2334059.jpeg
other, 2334100.jpeg
other, 2334102.jpeg
other, 2334251.jpeg
other, 2334303.jpeg
other, 2334330.jpeg
other, 2334932.jpeg
other, 2335060.jpeg
other, 2335630.jpeg
other, 2335977.jpeg
other, 2336025.jpeg
other, 2336075.jpeg
other, 2336527.jpeg
other, 2336743.jpeg
other, 2337213.jpeg
other, 2337471.jpeg
other, 2337523.jpeg
other, 2337824.jpeg
other, 2337843.jpeg
other, 2337900.jpeg
other, 2337907.jpeg
other, 2337917.jpeg
other, 2338069.jpeg
other, 2338248.jpeg
other, 2338492.jpeg
other, 2338780.jpeg
other, 2338978.jpeg
other, 2339103.jpeg
other, 2339778.jpeg
other, 2339796.jpeg
other, 2339802.jpeg
other, 2340485.jpeg
other, 2340637.jpeg
other, 2340783.jpeg
other, 2340808.jpeg
other, 2340866.jpeg
other, 2340903.jpeg
other, 2340974.jpeg
other, 2341585.jpeg
other, 2342073.jpeg
other, 2342227.jpeg
other, 2342232.jpeg
other, 2342243.jpeg
other, 2342459.jpeg
other, 2342852.jpeg
other, 2343280.jpeg
other, 2344003.jpeg
other, 2344366.jpeg
other, 2344697.jpeg
other, 2344714.jpeg
other, 2345005.jpeg
other, 2345358.jpeg
other, 2345402.jpeg
other, 2345903.jpeg
other, 2346566.jpeg
other, 2347041.jpeg
other, 2347052.jpeg
other, 2347215.jpeg
other, 2347226.jpeg
other, 2347529.jpeg
other, 2347998.jpeg
other, 2348093.jpeg
other, 2348211.jpeg
other, 2348711.jpeg
other, 2348879.jpeg
other, 2349527.jpeg
other, 2349595.jpeg
other, 2349797.jpeg
other, 2349805.jpeg
other, 2349903.jpeg
other, 2349982.jpeg
other, 2350002.jpeg
other, 2350236.jpeg
other, 2350327.jpeg
other, 2350551.jpeg
other, 2350836.jpeg
other, 2351776.jpeg
other, 2353048.jpeg
other, 2353153.jpeg
other, 2353533.jpeg
other, 2353860.jpeg
other, 2353883.jpeg
other, 2354084.jpeg
other, 2354311.jpeg
other, 2355211.jpeg
other, 2355423.jpeg
other, 2355829.jpeg
other, 2356254.jpeg
other, 2356883.jpeg
other, 2357140.jpeg
other, 2357314.jpeg
other, 2358210.jpeg
other, 2359085.jpeg
other, 2359328.jpeg
other, 2359378.jpeg
other, 2359467.jpeg
other, 2359827.jpeg
other, 2360026.jpeg
other, 2360083.jpeg
other, 2360090.jpeg
other, 2360124.jpeg
other, 2360544.jpeg
other, 2360634.jpeg
other, 2360891.jpeg
other, 2360997.jpeg
other, 2361589.jpeg
other, 2361662.jpeg
other, 2362404.jpeg
other, 2362582.jpeg
other, 2363031.jpeg
other, 2364411.jpeg
other, 2364748.jpeg
other, 2364785.jpeg
other, 2364814.jpeg
other, 2365211.jpeg
other, 2365703.jpeg
other, 2366034.jpeg
other, 2366409.jpeg
other, 2366559.jpeg
other, 2366628.jpeg
other, 2366711.jpeg
other, 2366803.jpeg
other, 2367414.jpeg
other, 2367576.jpeg
other, 2368053.jpeg
other, 2368133.jpeg
other, 2369296.jpeg
other, 2369521.jpeg
other, 2369532.jpeg
other, 2369757.jpeg
other, 2369807.jpeg
other, 2370108.jpeg
other, 2370445.jpeg
other, 2370786.jpeg
other, 2370885.jpeg
other, 2370968.jpeg
other, 2371148.jpeg
other, 2371579.jpeg
other, 2372429.jpeg
other, 2372652.jpeg
other, 2373035.jpeg
other, 2373224.jpeg
other, 2374271.jpeg
other, 2374798.jpeg
other, 2374892.jpeg
other, 2375183.jpeg
other, 2375885.jpeg
other, 2375973.jpeg
other, 2376057.jpeg
other, 2376087.jpeg
other, 2376505.jpeg
other, 2376589.jpeg
other, 2376852.jpeg
other, 2377192.jpeg
other, 2377219.jpeg
other, 2377249.jpeg
other, 2377741.jpeg
other, 2377762.jpeg
other, 2378600.jpeg
other, 2379071.jpeg
other, 2379113.jpeg
other, 2379591.jpeg
other, 2379677.jpeg
other, 2379687.jpeg
other, 2379899.jpeg
other, 2380770.jpeg
other, 2381056.jpeg
other, 2381133.jpeg
other, 2381167.jpeg
other, 2381215.jpeg
other, 2381529.jpeg
other, 2381723.jpeg
other, 2381955.jpeg
other, 2382190.jpeg
other, 2382442.jpeg
other, 2382525.jpeg
other, 2382895.jpeg
other, 2383029.jpeg
other, 2383095.jpeg
other, 2383189.jpeg
other, 2383533.jpeg
other, 2383723.jpeg
other, 2383905.jpeg
other, 2384030.jpeg
other, 2384143.jpeg
other, 2384290.jpeg
other, 2385045.jpeg
other, 2385061.jpeg
other, 2385078.jpeg
other, 2385178.jpeg
other, 2385918.jpeg
other, 2386021.jpeg
other, 2386246.jpeg
other, 2386507.jpeg
other, 2386556.jpeg
other, 2386844.jpeg
other, 2387018.jpeg
other, 2387062.jpeg
other, 2387293.jpeg
other, 2388553.jpeg
other, 2388798.jpeg
other, 2389130.jpeg
other, 2389595.jpeg
other, 2389876.jpeg
other, 2390731.jpeg
other, 2390989.jpeg
other, 2391203.jpeg
other, 2391627.jpeg
other, 2391631.jpeg
other, 2391834.jpeg
other, 2391880.jpeg
other, 2391967.jpeg
other, 2392262.jpeg
other, 2392302.jpeg
other, 2393213.jpeg
other, 2393241.jpeg
other, 2393573.jpeg
other, 2393729.jpeg
other, 2394826.jpeg
other, 2394859.jpeg
other, 2395143.jpeg
other, 2395917.jpeg
other, 2395949.jpeg
other, 2396247.jpeg
other, 2396327.jpeg
other, 2396714.jpeg
other, 2397057.jpeg
other, 2397385.jpeg
other, 2397473.jpeg
other, 2397800.jpeg
other, 2398083.jpeg
other, 2398391.jpeg
other, 2398534.jpeg
other, 2398699.jpeg
other, 2398850.jpeg
other, 2398936.jpeg
other, 2399182.jpeg
other, 2399636.jpeg
other, 2400278.jpeg
other, 2400341.jpeg
other, 2400422.jpeg
other, 2400540.jpeg
other, 2400694.jpeg
other, 2400788.jpeg
other, 2400875.jpeg
other, 2400897.jpeg
other, 2401590.jpeg
other, 2401939.jpeg
other, 2402136.jpeg
other, 2402413.jpeg
other, 2402493.jpeg
other, 2402556.jpeg
other, 2402620.jpeg
other, 2402842.jpeg
other, 2403114.jpeg
other, 2403119.jpeg
other, 2403267.jpeg
other, 2403332.jpeg
other, 2403335.jpeg
other, 2403400.jpeg
other, 2403432.jpeg
other, 2404184.jpeg
other, 2404264.jpeg
other, 2404614.jpeg
other, 2404643.jpeg
other, 2405369.jpeg
other, 2405419.jpeg
other, 2406059.jpeg
other, 2406227.jpeg
other, 2406432.jpeg
other, 2406580.jpeg
other, 2406606.jpeg
other, 2406622.jpeg
other, 2406747.jpeg
other, 2406921.jpeg
other, 2407884.jpeg
other, 2408726.jpeg
other, 2408741.jpeg
other, 2408978.jpeg
other, 2409014.jpeg
other, 2409513.jpeg
other, 2409847.jpeg
other, 2409968.jpeg
other, 2410357.jpeg
other, 2410500.jpeg
other, 2410586.jpeg
other, 2410602.jpeg
other, 2410853.jpeg
other, 2410863.jpeg
other, 2410866.jpeg
other, 2411031.jpeg
other, 2411046.jpeg
other, 2411107.jpeg
other, 2411311.jpeg
other, 2411436.jpeg
other, 2411560.jpeg
other, 2411896.jpeg
other, 2411911.jpeg
other, 2411989.jpeg
other, 2412297.jpeg
other, 2412501.jpeg
other, 2412582.jpeg
other, 2413058.jpeg
other, 2413125.jpeg
other, 2413305.jpeg
other, 2414288.jpeg
other, 2414357.jpeg
other, 2414413.jpeg
other, 2414794.jpeg
other, 2414976.jpeg
other, 2415119.jpeg
other, 2415282.jpeg
other, 2415288.jpeg
other, 2415369.jpeg
other, 2415615.jpeg
other, 2415823.jpeg
other, 2415848.jpeg
other, 2416072.jpeg
other, 2416122.jpeg
other, 2416455.jpeg
other, 2416690.jpeg
other, 2416814.jpeg
other, 2416830.jpeg
other, 2416860.jpeg
other, 2416918.jpeg
other, 2416930.jpeg
other, 2416938.jpeg
other, 2417058.jpeg
other, 2417196.jpeg
other, 2417236.jpeg
other, 2417282.jpeg
other, 2417429.jpeg
other, 2418003.jpeg
other, 2418007.jpeg
other, 2418275.jpeg
other, 2418348.jpeg
other, 2418435.jpeg
other, 2418803.jpeg
other, 2418872.jpeg
other, 2419017.jpeg
other, 2419129.jpeg
other, 2419356.jpeg
other, 2419391.jpeg
other, 2419415.jpeg
other, 2420249.jpeg
other, 2420339.jpeg
other, 2420530.jpeg
other, 2420679.jpeg
other, 2420779.jpeg
other, 2420882.jpeg
other, 2421405.jpeg
other, 2421707.jpeg
other, 2422116.jpeg
other, 2422621.jpeg
other, 2422779.jpeg
other, 2422834.jpeg
other, 2423014.jpeg
other, 2423041.jpeg
other, 2423067.jpeg
other, 2423233.jpeg
other, 2423528.jpeg
other, 2423575.jpeg
other, 2423876.jpeg
other, 2424150.jpeg
other, 2424645.jpeg
other, 2425504.jpeg
other, 2425884.jpeg
other, 2426316.jpeg
other, 2426325.jpeg
other, 2426584.jpeg
other, 2426661.jpeg
other, 2426673.jpeg
other, 2426706.jpeg
other, 2426794.jpeg
other, 2426828.jpeg
other, 2426941.jpeg
other, 2427039.jpeg
other, 2427070.jpeg
other, 2427145.jpeg
other, 2427347.jpeg
other, 2427421.jpeg
other, 2427434.jpeg
other, 2427824.jpeg
other, 2428013.jpeg
other, 2428115.jpeg
other, 2428328.jpeg
other, 2428343.jpeg
other, 2428465.jpeg
other, 2428821.jpeg
other, 2429082.jpeg
other, 2429283.jpeg
other, 2429298.jpeg
other, 2429378.jpeg
other, 2429563.jpeg
other, 2429601.jpeg
other, 2429994.jpeg
other, 2430341.jpeg
other, 2430351.jpeg
other, 2430601.jpeg
other, 2430703.jpeg
other, 2431098.jpeg
other, 2431137.jpeg
other, 2431347.jpeg
other, 2431994.jpeg
other, 2432133.jpeg
other, 2432532.jpeg
other, 2432552.jpeg
other, 2432971.jpeg
other, 2433079.jpeg
other, 2433192.jpeg
other, 2433235.jpeg
other, 2433273.jpeg
other, 2433285.jpeg
other, 2433294.jpeg
other, 2433582.jpeg
other, 2433750.jpeg
other, 2433856.jpeg
other, 2433991.jpeg
other, 2434099.jpeg
other, 2434465.jpeg
other, 2434515.jpeg
other, 2434995.jpeg
other, 2435083.jpeg
other, 2435117.jpeg
other, 2435438.jpeg
other, 2435516.jpeg
other, 2435905.jpeg
other, 2435953.jpeg
other, 2436015.jpeg
other, 2436125.jpeg
other, 2436197.jpeg
other, 2436276.jpeg
other, 2436406.jpeg
other, 2436582.jpeg
other, 2436733.jpeg
other, 2436919.jpeg
other, 2437077.jpeg
other, 2437275.jpeg
other, 2437394.jpeg
other, 2437436.jpeg
other, 2437540.jpeg
other, 2437712.jpeg
other, 2438248.jpeg
other, 2438449.jpeg
other, 2438721.jpeg
other, 2438774.jpeg
other, 2438883.jpeg
other, 2439072.jpeg
other, 2439242.jpeg
other, 2439361.jpeg
other, 2439389.jpeg
other, 2439464.jpeg
other, 2439727.jpeg
other, 2439910.jpeg
other, 2439970.jpeg
other, 2440019.jpeg
other, 2440180.jpeg
other, 2440496.jpeg
other, 2440688.jpeg
other, 2441335.jpeg
other, 2441492.jpeg
other, 2441619.jpeg
other, 2441650.jpeg
other, 2441711.jpeg
other, 2441767.jpeg
other, 2441852.jpeg
other, 2442397.jpeg
other, 2442508.jpeg
other, 2442677.jpeg
other, 2442689.jpeg
other, 2442721.jpeg
other, 2442889.jpeg
other, 2442915.jpeg
other, 2443001.jpeg
other, 2443662.jpeg
other, 2443836.jpeg
other, 2443964.jpeg
other, 2444286.jpeg
other, 2444505.jpeg
other, 2444547.jpeg
other, 2444569.jpeg
other, 2444584.jpeg
other, 2444775.jpeg
other, 2445054.jpeg
other, 2445057.jpeg
other, 2445078.jpeg
other, 2445084.jpeg
other, 2445125.jpeg
other, 2445171.jpeg
other, 2445358.jpeg
other, 2445974.jpeg
other, 2446434.jpeg
other, 2446821.jpeg
other, 2446996.jpeg
other, 2447781.jpeg
other, 2447846.jpeg
other, 2448269.jpeg
other, 2448293.jpeg
other, 2448525.jpeg
other, 2448623.jpeg
other, 2448764.jpeg
other, 2448847.jpeg
other, 2448896.jpeg
other, 2448979.jpeg
other, 2449274.jpeg
other, 2449423.jpeg
other, 2449498.jpeg
other, 2449518.jpeg
other, 2449788.jpeg
other, 2449940.jpeg
other, 2450133.jpeg
other, 2450165.jpeg
other, 2450242.jpeg
other, 2450408.jpeg
other, 2450685.jpeg
other, 2451050.jpeg
other, 2451076.jpeg
other, 2451148.jpeg
other, 2451229.jpeg
other, 2451245.jpeg
other, 2451372.jpeg
other, 2451483.jpeg
other, 2451566.jpeg
other, 2451658.jpeg
other, 2451828.jpeg
other, 2452093.jpeg
other, 2452102.jpeg
other, 2452124.jpeg
other, 2452189.jpeg
other, 2452313.jpeg
other, 2452473.jpeg
other, 2452496.jpeg
other, 2452696.jpeg
other, 2452722.jpeg
other, 2452930.jpeg
other, 2453083.jpeg
other, 2453374.jpeg
other, 2453962.jpeg
other, 2454230.jpeg
other, 2454763.jpeg
other, 2454850.jpeg
other, 2454880.jpeg
other, 2454926.jpeg
other, 2454997.jpeg
other, 2455421.jpeg
other, 2455707.jpeg
other, 2455866.jpeg
other, 2455889.jpeg
other, 2456113.jpeg
other, 2456116.jpeg
other, 2456522.jpeg
other, 2456617.jpeg
other, 2457087.jpeg
other, 2457202.jpeg
other, 2457911.jpeg
other, 2457936.jpeg
other, 2458393.jpeg
other, 2458755.jpeg
other, 2459032.jpeg
other, 2459198.jpeg
other, 2459367.jpeg
other, 2459631.jpeg
other, 2459895.jpeg
other, 2460017.jpeg
other, 2460305.jpeg
other, 2460732.jpeg
other, 2460747.jpeg
other, 2460924.jpeg
other, 2461776.jpeg
other, 2461812.jpeg
other, 2461990.jpeg
other, 2462041.jpeg
other, 2462168.jpeg
other, 2462205.jpeg
other, 2462749.jpeg
other, 2463015.jpeg
other, 2463662.jpeg
other, 2463709.jpeg
other, 2463833.jpeg
other, 2463955.jpeg
other, 2464139.jpeg
other, 2464286.jpeg
other, 2464714.jpeg
other, 2464788.jpeg
other, 2464976.jpeg
other, 2465058.jpeg
other, 2465210.jpeg
other, 2465219.jpeg
other, 2465225.jpeg
other, 2465360.jpeg
other, 2465537.jpeg
other, 2465975.jpeg
other, 2466086.jpeg
other, 2466310.jpeg
other, 2466672.jpeg
other, 2466678.jpeg
other, 2466780.jpeg
other, 2467306.jpeg
other, 2468580.jpeg
other, 2468691.jpeg
other, 2468787.jpeg
other, 2468800.jpeg
other, 2468939.jpeg
other, 2469003.jpeg
other, 2469257.jpeg
other, 2469746.jpeg
other, 2469978.jpeg
other, 2470359.jpeg
other, 2470461.jpeg
other, 2470877.jpeg
other, 2470969.jpeg
other, 2470986.jpeg
other, 2471000.jpeg
other, 2471037.jpeg
other, 2471272.jpeg
other, 2471699.jpeg
other, 2472080.jpeg
other, 2472582.jpeg
other, 2472693.jpeg
other, 2472930.jpeg
other, 2473135.jpeg
other, 2473756.jpeg
other, 2474184.jpeg
other, 2474549.jpeg
other, 2475001.jpeg
other, 2475254.jpeg
other, 2475603.jpeg
other, 2475879.jpeg
other, 2475926.jpeg
other, 2475991.jpeg
other, 2476550.jpeg
other, 2476764.jpeg
other, 2476792.jpeg
other, 2476973.jpeg
other, 2477337.jpeg
other, 2477510.jpeg
other, 2477530.jpeg
other, 2477902.jpeg
other, 2478200.jpeg
other, 2478518.jpeg
other, 2478524.jpeg
other, 2478656.jpeg
other, 2479544.jpeg
other, 2479651.jpeg
other, 2480099.jpeg
other, 2480258.jpeg
other, 2480275.jpeg
other, 2480312.jpeg
other, 2480402.jpeg
other, 2480495.jpeg
other, 2480626.jpeg
other, 2480731.jpeg
other, 2480820.jpeg
other, 2480924.jpeg
other, 2481078.jpeg
other, 2481501.jpeg
other, 2481655.jpeg
other, 2481933.jpeg
other, 2481954.jpeg
other, 2481969.jpeg
other, 2482399.jpeg
other, 2482741.jpeg
other, 2482795.jpeg
other, 2482843.jpeg
other, 2483003.jpeg
other, 2483233.jpeg
other, 2483402.jpeg
other, 2483511.jpeg
other, 2483848.jpeg
other, 2483853.jpeg
other, 2484481.jpeg
other, 2485180.jpeg
other, 2485436.jpeg
other, 2485526.jpeg
other, 2485746.jpeg
other, 2485803.jpeg
other, 2486035.jpeg
other, 2486093.jpeg
other, 2486223.jpeg
other, 2486348.jpeg
other, 2487428.jpeg
other, 2487515.jpeg
other, 2487573.jpeg
other, 2487703.jpeg
other, 2487852.jpeg
other, 2487945.jpeg
other, 2488002.jpeg
other, 2488020.jpeg
other, 2488030.jpeg
other, 2488073.jpeg
other, 2488266.jpeg
other, 2488269.jpeg
other, 2488335.jpeg
other, 2488585.jpeg
other, 2488634.jpeg
other, 2489018.jpeg
other, 2489252.jpeg
other, 2489404.jpeg
other, 2489874.jpeg
other, 2489986.jpeg
other, 2490031.jpeg
other, 2490070.jpeg
other, 2490229.jpeg
other, 2490239.jpeg
other, 2490428.jpeg
other, 2490840.jpeg
other, 2490966.jpeg
other, 2490977.jpeg
other, 2491110.jpeg
other, 2491254.jpeg
other, 2491316.jpeg
other, 2491410.jpeg
other, 2491526.jpeg
other, 2491545.jpeg
other, 2491574.jpeg
other, 2491696.jpeg
other, 2491758.jpeg
other, 2492142.jpeg
other, 2492658.jpeg
other, 2492777.jpeg
other, 2492960.jpeg
other, 2493149.jpeg
other, 2493320.jpeg
other, 2493468.jpeg
other, 2494010.jpeg
other, 2494145.jpeg
other, 2494240.jpeg
other, 2494391.jpeg
other, 2494425.jpeg
other, 2494493.jpeg
other, 2494575.jpeg
other, 2494623.jpeg
other, 2494669.jpeg
other, 2494745.jpeg
other, 2495739.jpeg
other, 2495749.jpeg
other, 2496182.jpeg
other, 2496379.jpeg
other, 2496528.jpeg
other, 2496609.jpeg
other, 2496632.jpeg
other, 2496806.jpeg
other, 2496849.jpeg
other, 2496921.jpeg
other, 2497289.jpeg
other, 2497530.jpeg
other, 2497602.jpeg
other, 2497662.jpeg
other, 2497905.jpeg
other, 2498039.jpeg
other, 2498082.jpeg
other, 2498314.jpeg
other, 2498450.jpeg
other, 2498526.jpeg
other, 2498615.jpeg
other, 2498695.jpeg
other, 2498720.jpeg
other, 2498767.jpeg
other, 2499014.jpeg
other, 2499240.jpeg
other, 2499669.jpeg
other, 2499793.jpeg
other, 2500056.jpeg
other, 2500060.jpeg
other, 2500384.jpeg
other, 2500882.jpeg
other, 2500961.jpeg
other, 2500996.jpeg
other, 2501105.jpeg
other, 2501143.jpeg
other, 2501225.jpeg
other, 2501297.jpeg
other, 2501396.jpeg
other, 2502096.jpeg
other, 2502366.jpeg
other, 2502525.jpeg
other, 2503167.jpeg
other, 2503201.jpeg
other, 2503253.jpeg
other, 2503293.jpeg
other, 2503365.jpeg
other, 2503399.jpeg
other, 2503625.jpeg
other, 2503701.jpeg
other, 2503711.jpeg
other, 2503918.jpeg
other, 2503959.jpeg
other, 2504023.jpeg
other, 2504081.jpeg
other, 2504114.jpeg
other, 2504465.jpeg
other, 2504572.jpeg
other, 2504901.jpeg
other, 2505082.jpeg
other, 2505278.jpeg
other, 2505661.jpeg
other, 2505699.jpeg
other, 2505826.jpeg
other, 2505860.jpeg
other, 2506105.jpeg
other, 2506165.jpeg
other, 2506237.jpeg
other, 2506242.jpeg
other, 2506418.jpeg
other, 2506568.jpeg
other, 2506644.jpeg
other, 2506834.jpeg
other, 2506852.jpeg
other, 2507005.jpeg
other, 2507089.jpeg
other, 2507221.jpeg
other, 2507293.jpeg
other, 2507466.jpeg
other, 2507522.jpeg
other, 2508504.jpeg
other, 2508596.jpeg
other, 2508690.jpeg
other, 2508858.jpeg
other, 2508904.jpeg
other, 2509040.jpeg
other, 2509243.jpeg
other, 2509273.jpeg
other, 2509296.jpeg
other, 2509384.jpeg
other, 2509399.jpeg
other, 2509578.jpeg
other, 2509769.jpeg
other, 2509775.jpeg
other, 2509883.jpeg
other, 2510047.jpeg
other, 2510071.jpeg
other, 2510260.jpeg
other, 2510269.jpeg
other, 2510330.jpeg
other, 2510442.jpeg
other, 2510458.jpeg
other, 2510850.jpeg
other, 2510939.jpeg
other, 2510948.jpeg
other, 2510978.jpeg
other, 2511111.jpeg
other, 2511416.jpeg
other, 2511469.jpeg
other, 2511846.jpeg
other, 2512016.jpeg
other, 2512021.jpeg
other, 2512037.jpeg
other, 2512123.jpeg
other, 2512148.jpeg
other, 2512435.jpeg
other, 2512769.jpeg
other, 2512829.jpeg
other, 2512968.jpeg
other, 2512973.jpeg
other, 2513033.jpeg
other, 2513091.jpeg
other, 2513205.jpeg
other, 2513235.jpeg
other, 2513261.jpeg
other, 2513459.jpeg
other, 2513830.jpeg
other, 2513902.jpeg
other, 2513916.jpeg
other, 2513955.jpeg
other, 2514490.jpeg
other, 2514571.jpeg
other, 2514642.jpeg
other, 2514669.jpeg
other, 2514686.jpeg
other, 2515024.jpeg
other, 2515137.jpeg
other, 2515494.jpeg
other, 2515668.jpeg
other, 2515819.jpeg
other, 2515895.jpeg
other, 2515922.jpeg
other, 2515949.jpeg
other, 2515985.jpeg
other, 2515999.jpeg
other, 2516012.jpeg
other, 2516103.jpeg
other, 2516455.jpeg
other, 2516582.jpeg
other, 2516592.jpeg
other, 2516690.jpeg
other, 2516942.jpeg
other, 2516996.jpeg
other, 2517024.jpeg
other, 2517061.jpeg
other, 2517121.jpeg
other, 2517266.jpeg
other, 2517466.jpeg
other, 2517478.jpeg
other, 2517499.jpeg
other, 2517558.jpeg
other, 2517689.jpeg
other, 2517776.jpeg
other, 2518029.jpeg
other, 2518151.jpeg
other, 2518164.jpeg
other, 2518341.jpeg
other, 2518451.jpeg
other, 2519203.jpeg
other, 2519310.jpeg
other, 2519535.jpeg
other, 2519898.jpeg
other, 2519945.jpeg
other, 2520044.jpeg
other, 2520052.jpeg
other, 2520218.jpeg
other, 2520368.jpeg
other, 2520510.jpeg
other, 2520533.jpeg
other, 2520690.jpeg
other, 2521441.jpeg
other, 2521713.jpeg
other, 2521760.jpeg
other, 2521775.jpeg
other, 2521855.jpeg
other, 2521894.jpeg
other, 2521925.jpeg
other, 2521958.jpeg
other, 2522591.jpeg
other, 2522645.jpeg
other, 2522679.jpeg
other, 2522814.jpeg
other, 2522821.jpeg
other, 2522846.jpeg
other, 2522910.jpeg
other, 2523180.jpeg
other, 2523211.jpeg
other, 2523242.jpeg
other, 2523257.jpeg
other, 2523303.jpeg
other, 2523381.jpeg
other, 2523403.jpeg
other, 2523575.jpeg
other, 2523651.jpeg
other, 2523673.jpeg
other, 2523766.jpeg
other, 2524138.jpeg
other, 2524440.jpeg
other, 2524477.jpeg
other, 2524501.jpeg
other, 2524584.jpeg
other, 2524751.jpeg
other, 2524901.jpeg
other, 2524974.jpeg
other, 2525144.jpeg
other, 2525149.jpeg
other, 2525346.jpeg
other, 2525424.jpeg
other, 2525474.jpeg
other, 2525613.jpeg
other, 2525716.jpeg
other, 2526002.jpeg
other, 2526040.jpeg
other, 2526165.jpeg
other, 2526187.jpeg
other, 2526254.jpeg
other, 2526313.jpeg
other, 2526466.jpeg
other, 2526772.jpeg
other, 2526821.jpeg
other, 2526966.jpeg
other, 2527483.jpeg
other, 2527500.jpeg
other, 2527684.jpeg
other, 2527696.jpeg
other, 2527750.jpeg
other, 2527772.jpeg
other, 2527869.jpeg
other, 2527935.jpeg
other, 2528018.jpeg
other, 2528118.jpeg
other, 2528761.jpeg
other, 2529060.jpeg
other, 2529171.jpeg
other, 2529653.jpeg
other, 2529671.jpeg
other, 2529698.jpeg
other, 2529923.jpeg
other, 2530037.jpeg
other, 2530784.jpeg
other, 2530947.jpeg
other, 2531230.jpeg
other, 2531298.jpeg
other, 2531336.jpeg
other, 2531360.jpeg
other, 2531390.jpeg
other, 2531422.jpeg
other, 2531602.jpeg
other, 2531673.jpeg
other, 2531976.jpeg
other, 2532103.jpeg
other, 2532290.jpeg
other, 2532305.jpeg
other, 2532308.jpeg
other, 2532332.jpeg
other, 2532384.jpeg
other, 2532399.jpeg
other, 2532641.jpeg
other, 2532668.jpeg
other, 2532722.jpeg
other, 2532841.jpeg
other, 2532862.jpeg
other, 2533265.jpeg
other, 2533339.jpeg
other, 2533602.jpeg
other, 2533887.jpeg
other, 2534053.jpeg
other, 2534310.jpeg
other, 2534461.jpeg
other, 2534527.jpeg
other, 2534745.jpeg
other, 2534779.jpeg
other, 2535014.jpeg
other, 2535036.jpeg
other, 2535146.jpeg
other, 2535170.jpeg
other, 2535348.jpeg
other, 2535492.jpeg
other, 2535651.jpeg
other, 2535743.jpeg
other, 2535749.jpeg
other, 2535803.jpeg
other, 2535824.jpeg
other, 2536000.jpeg
other, 2536284.jpeg
other, 2536313.jpeg
other, 2536420.jpeg
other, 2536530.jpeg
other, 2536534.jpeg
other, 2536654.jpeg
other, 2536669.jpeg
other, 2536891.jpeg
other, 2537039.jpeg
other, 2537125.jpeg
other, 2537293.jpeg
other, 2537319.jpeg
other, 2537370.jpeg
other, 2537453.jpeg
other, 2537566.jpeg
other, 2538261.jpeg
other, 2538284.jpeg
other, 2538307.jpeg
other, 2538476.jpeg
other, 2538578.jpeg
other, 2538725.jpeg
other, 2538783.jpeg
other, 2538905.jpeg
other, 2538939.jpeg
other, 2539046.jpeg
other, 2539156.jpeg
other, 2539163.jpeg
other, 2539446.jpeg
other, 2539589.jpeg
other, 2539672.jpeg
other, 2539891.jpeg
other, 2539913.jpeg
other, 2540194.jpeg
other, 2540284.jpeg
other, 2540330.jpeg
other, 2540419.jpeg
other, 2540457.jpeg
other, 2540469.jpeg
other, 2540670.jpeg
other, 2540779.jpeg
other, 2540782.jpeg
other, 2540793.jpeg
other, 2541609.jpeg
other, 2541621.jpeg
other, 2541654.jpeg
other, 2541955.jpeg
other, 2541961.jpeg
other, 2542089.jpeg
other, 2542201.jpeg
other, 2542243.jpeg
other, 2542444.jpeg
other, 2542471.jpeg
other, 2542819.jpeg
other, 2542892.jpeg
other, 2543006.jpeg
other, 2543170.jpeg
other, 2543331.jpeg
other, 2543379.jpeg
other, 2543653.jpeg
other, 2543769.jpeg
other, 2543845.jpeg
other, 2543857.jpeg
other, 2543972.jpeg
other, 2544357.jpeg
other, 2544546.jpeg
other, 2544549.jpeg
other, 2544581.jpeg
other, 2544665.jpeg
other, 2544737.jpeg
other, 2544793.jpeg
other, 2544915.jpeg
other, 2544985.jpeg
other, 2545058.jpeg
retail, 2247318.jpeg
retail, 2247918.jpeg
retail, 2248609.jpeg
retail, 2248797.jpeg
retail, 2249033.jpeg
retail, 2249251.jpeg
retail, 2249532.jpeg
retail, 2249548.jpeg
retail, 2249640.jpeg
retail, 2249929.jpeg
retail, 2250320.jpeg
retail, 2250431.jpeg
retail, 2250583.jpeg
retail, 2251227.jpeg
retail, 2251618.jpeg
retail, 2252274.jpeg
retail, 2252447.jpeg
retail, 2252489.jpeg
retail, 2253083.jpeg
retail, 2253102.jpeg
retail, 2253154.jpeg
retail, 2253942.jpeg
retail, 2254015.jpeg
retail, 2254016.jpeg
retail, 2254418.jpeg
retail, 2254728.jpeg
retail, 2255730.jpeg
retail, 2255968.jpeg
retail, 2256914.jpeg
retail, 2257236.jpeg
retail, 2257487.jpeg
retail, 2257612.jpeg
retail, 2258664.jpeg
retail, 2258924.jpeg
retail, 2259063.jpeg
retail, 2259398.jpeg
retail, 2259996.jpeg
retail, 2260772.jpeg
retail, 2260792.jpeg
retail, 2261713.jpeg
retail, 2262117.jpeg
retail, 2262128.jpeg
retail, 2262293.jpeg
retail, 2262505.jpeg
retail, 2262571.jpeg
retail, 2262642.jpeg
retail, 2263193.jpeg
retail, 2263580.jpeg
retail, 2263767.jpeg
retail, 2263901.jpeg
retail, 2263916.jpeg
retail, 2265082.jpeg
retail, 2265763.jpeg
retail, 2265802.jpeg
retail, 2266140.jpeg
retail, 2266285.jpeg
retail, 2266574.jpeg
retail, 2266617.jpeg
retail, 2266868.jpeg
retail, 2266881.jpeg
retail, 2266931.jpeg
retail, 2267246.jpeg
retail, 2267671.jpeg
retail, 2267704.jpeg
retail, 2267863.jpeg
retail, 2267943.jpeg
retail, 2268121.jpeg
retail, 2268821.jpeg
retail, 2269318.jpeg
retail, 2269388.jpeg
retail, 2269821.jpeg
retail, 2269830.jpeg
retail, 2271146.jpeg
retail, 2271228.jpeg
retail, 2271491.jpeg
retail, 2271503.jpeg
retail, 2271506.jpeg
retail, 2271576.jpeg
retail, 2271839.jpeg
retail, 2272946.jpeg
retail, 2273239.jpeg
retail, 2273278.jpeg
retail, 2273927.jpeg
retail, 2274446.jpeg
retail, 2275655.jpeg
retail, 2275758.jpeg
retail, 2276598.jpeg
retail, 2277031.jpeg
retail, 2277508.jpeg
retail, 2277776.jpeg
retail, 2278045.jpeg
retail, 2278274.jpeg
retail, 2278339.jpeg
retail, 2278794.jpeg
retail, 2279440.jpeg
retail, 2279891.jpeg
retail, 2280587.jpeg
retail, 2281118.jpeg
retail, 2282015.jpeg
retail, 2282618.jpeg
retail, 2282746.jpeg
retail, 2283211.jpeg
retail, 2284021.jpeg
retail, 2284084.jpeg
retail, 2284213.jpeg
retail, 2284499.jpeg
retail, 2284838.jpeg
retail, 2285190.jpeg
retail, 2285241.jpeg
retail, 2285381.jpeg
retail, 2285478.jpeg
retail, 2286121.jpeg
retail, 2286214.jpeg
retail, 2286248.jpeg
retail, 2286901.jpeg
retail, 2286969.jpeg
retail, 2287131.jpeg
retail, 2287198.jpeg
retail, 2287908.jpeg
retail, 2288009.jpeg
retail, 2288116.jpeg
retail, 2288119.jpeg
retail, 2288120.jpeg
retail, 2288375.jpeg
retail, 2289002.jpeg
retail, 2289006.jpeg
retail, 2289384.jpeg
retail, 2289698.jpeg
retail, 2289882.jpeg
retail, 2289998.jpeg
retail, 2290571.jpeg
retail, 2290637.jpeg
retail, 2290940.jpeg
retail, 2291667.jpeg
retail, 2292414.jpeg
retail, 2292595.jpeg
retail, 2292623.jpeg
retail, 2292655.jpeg
retail, 2292848.jpeg
retail, 2293331.jpeg
retail, 2293365.jpeg
retail, 2293535.jpeg
retail, 2293756.jpeg
retail, 2294653.jpeg
retail, 2294683.jpeg
retail, 2294731.jpeg
retail, 2294850.jpeg
retail, 2295538.jpeg
retail, 2295698.jpeg
retail, 2296356.jpeg
retail, 2296357.jpeg
retail, 2296718.jpeg
retail, 2297042.jpeg
retail, 2297924.jpeg
retail, 2298342.jpeg
retail, 2298461.jpeg
retail, 2298464.jpeg
retail, 2299094.jpeg
retail, 2299127.jpeg
retail, 2299306.jpeg
retail, 2299326.jpeg
retail, 2299483.jpeg
retail, 2299564.jpeg
retail, 2299977.jpeg
retail, 2300387.jpeg
retail, 2300431.jpeg
retail, 2300566.jpeg
retail, 2300668.jpeg
retail, 2300826.jpeg
retail, 2300830.jpeg
retail, 2300912.jpeg
retail, 2301051.jpeg
retail, 2301454.jpeg
retail, 2302004.jpeg
retail, 2302135.jpeg
retail, 2302805.jpeg
retail, 2303731.jpeg
retail, 2303928.jpeg
retail, 2304177.jpeg
retail, 2304290.jpeg
retail, 2304333.jpeg
retail, 2304840.jpeg
retail, 2305147.jpeg
retail, 2305234.jpeg
retail, 2305526.jpeg
retail, 2305770.jpeg
retail, 2306099.jpeg
retail, 2306352.jpeg
retail, 2306365.jpeg
retail, 2306675.jpeg
retail, 2306726.jpeg
retail, 2306881.jpeg
retail, 2306887.jpeg
retail, 2307155.jpeg
retail, 2307201.jpeg
retail, 2307220.jpeg
retail, 2307335.jpeg
retail, 2307655.jpeg
retail, 2308022.jpeg
retail, 2308041.jpeg
retail, 2308055.jpeg
retail, 2308141.jpeg
retail, 2308220.jpeg
retail, 2308545.jpeg
retail, 2308581.jpeg
retail, 2309278.jpeg
retail, 2309574.jpeg
retail, 2309607.jpeg
retail, 2309863.jpeg
retail, 2309984.jpeg
retail, 2310077.jpeg
retail, 2310298.jpeg
retail, 2310310.jpeg
retail, 2310375.jpeg
retail, 2310397.jpeg
retail, 2310464.jpeg
retail, 2310992.jpeg
retail, 2311005.jpeg
retail, 2311851.jpeg
retail, 2312132.jpeg
retail, 2312652.jpeg
retail, 2312680.jpeg
retail, 2312701.jpeg
retail, 2312746.jpeg
retail, 2312885.jpeg
retail, 2313855.jpeg
retail, 2314308.jpeg
retail, 2314560.jpeg
retail, 2314704.jpeg
retail, 2314875.jpeg
retail, 2315267.jpeg
retail, 2317043.jpeg
retail, 2317555.jpeg
retail, 2317564.jpeg
retail, 2317566.jpeg
retail, 2317567.jpeg
retail, 2318489.jpeg
retail, 2319376.jpeg
retail, 2319910.jpeg
retail, 2320033.jpeg
retail, 2320139.jpeg
retail, 2320406.jpeg
retail, 2320484.jpeg
retail, 2320588.jpeg
retail, 2320677.jpeg
retail, 2322157.jpeg
retail, 2322280.jpeg
retail, 2322719.jpeg
retail, 2322894.jpeg
retail, 2322926.jpeg
retail, 2323068.jpeg
retail, 2323186.jpeg
retail, 2323389.jpeg
retail, 2323616.jpeg
retail, 2323664.jpeg
retail, 2323684.jpeg
retail, 2324032.jpeg
retail, 2324127.jpeg
retail, 2324142.jpeg
retail, 2325025.jpeg
retail, 2325070.jpeg
retail, 2325594.jpeg
retail, 2325623.jpeg
retail, 2326455.jpeg
retail, 2326656.jpeg
retail, 2326973.jpeg
retail, 2327350.jpeg
retail, 2327955.jpeg
retail, 2328060.jpeg
retail, 2328155.jpeg
retail, 2328437.jpeg
retail, 2328900.jpeg
retail, 2329122.jpeg
retail, 2329181.jpeg
retail, 2329671.jpeg
retail, 2329890.jpeg
retail, 2331102.jpeg
retail, 2331359.jpeg
retail, 2331866.jpeg
retail, 2331994.jpeg
retail, 2331996.jpeg
retail, 2332400.jpeg
retail, 2332701.jpeg
retail, 2332728.jpeg
retail, 2333107.jpeg
retail, 2333308.jpeg
retail, 2333554.jpeg
retail, 2333811.jpeg
retail, 2334546.jpeg
retail, 2334972.jpeg
retail, 2335383.jpeg
retail, 2335619.jpeg
retail, 2335959.jpeg
retail, 2336674.jpeg
retail, 2337024.jpeg
retail, 2337026.jpeg
retail, 2337391.jpeg
retail, 2337545.jpeg
retail, 2337738.jpeg
retail, 2338156.jpeg
retail, 2338220.jpeg
retail, 2338356.jpeg
retail, 2339138.jpeg
retail, 2339900.jpeg
retail, 2340260.jpeg
retail, 2340614.jpeg
retail, 2340779.jpeg
retail, 2341082.jpeg
retail, 2341434.jpeg
retail, 2341569.jpeg
retail, 2341593.jpeg
retail, 2341783.jpeg
retail, 2342061.jpeg
retail, 2342400.jpeg
retail, 2342738.jpeg
retail, 2343011.jpeg
retail, 2343047.jpeg
retail, 2343312.jpeg
retail, 2343815.jpeg
retail, 2343877.jpeg
retail, 2343911.jpeg
retail, 2344067.jpeg
retail, 2344736.jpeg
retail, 2345336.jpeg
retail, 2345341.jpeg
retail, 2345604.jpeg
retail, 2345886.jpeg
retail, 2346209.jpeg
retail, 2346550.jpeg
retail, 2346657.jpeg
retail, 2346702.jpeg
retail, 2346762.jpeg
retail, 2347080.jpeg
retail, 2347359.jpeg
retail, 2347553.jpeg
retail, 2347753.jpeg
retail, 2347767.jpeg
retail, 2348069.jpeg
retail, 2348115.jpeg
retail, 2348305.jpeg
retail, 2348422.jpeg
retail, 2349053.jpeg
retail, 2349278.jpeg
retail, 2350712.jpeg
retail, 2351049.jpeg
retail, 2351158.jpeg
retail, 2351235.jpeg
retail, 2351301.jpeg
retail, 2351522.jpeg
retail, 2351661.jpeg
retail, 2352697.jpeg
retail, 2352841.jpeg
retail, 2353146.jpeg
retail, 2353681.jpeg
retail, 2354258.jpeg
retail, 2354336.jpeg
retail, 2354789.jpeg
retail, 2355107.jpeg
retail, 2355192.jpeg
retail, 2355306.jpeg
retail, 2355318.jpeg
retail, 2355695.jpeg
retail, 2355757.jpeg
retail, 2356196.jpeg
retail, 2356627.jpeg
retail, 2356850.jpeg
retail, 2357053.jpeg
retail, 2357723.jpeg
retail, 2357839.jpeg
retail, 2358123.jpeg
retail, 2358188.jpeg
retail, 2358500.jpeg
retail, 2358607.jpeg
retail, 2358610.jpeg
retail, 2359211.jpeg
retail, 2359227.jpeg
retail, 2359268.jpeg
retail, 2359766.jpeg
retail, 2359830.jpeg
retail, 2359860.jpeg
retail, 2360094.jpeg
retail, 2360364.jpeg
retail, 2360487.jpeg
retail, 2360690.jpeg
retail, 2361171.jpeg
retail, 2361707.jpeg
retail, 2362416.jpeg
retail, 2362590.jpeg
retail, 2362675.jpeg
retail, 2362782.jpeg
retail, 2363218.jpeg
retail, 2363307.jpeg
retail, 2363376.jpeg
retail, 2363970.jpeg
retail, 2364048.jpeg
retail, 2365032.jpeg
retail, 2365352.jpeg
retail, 2365392.jpeg
retail, 2366040.jpeg
retail, 2366079.jpeg
retail, 2366327.jpeg
retail, 2367035.jpeg
retail, 2367096.jpeg
retail, 2367360.jpeg
retail, 2367604.jpeg
retail, 2369065.jpeg
retail, 2369161.jpeg
retail, 2369316.jpeg
retail, 2369840.jpeg
retail, 2370036.jpeg
retail, 2370072.jpeg
retail, 2370076.jpeg
retail, 2370151.jpeg
retail, 2370420.jpeg
retail, 2371071.jpeg
retail, 2371894.jpeg
retail, 2372011.jpeg
retail, 2372260.jpeg
retail, 2372475.jpeg
retail, 2372544.jpeg
retail, 2372606.jpeg
retail, 2372608.jpeg
retail, 2372808.jpeg
retail, 2373276.jpeg
retail, 2373461.jpeg
retail, 2373560.jpeg
retail, 2373622.jpeg
retail, 2374021.jpeg
retail, 2374064.jpeg
retail, 2374316.jpeg
retail, 2374414.jpeg
retail, 2374464.jpeg
retail, 2375155.jpeg
retail, 2375158.jpeg
retail, 2375494.jpeg
retail, 2375651.jpeg
retail, 2375689.jpeg
retail, 2375729.jpeg
retail, 2375867.jpeg
retail, 2376081.jpeg
retail, 2376859.jpeg
retail, 2376896.jpeg
retail, 2377738.jpeg
retail, 2377884.jpeg
retail, 2377941.jpeg
retail, 2378122.jpeg
retail, 2378330.jpeg
retail, 2378348.jpeg
retail, 2378475.jpeg
retail, 2378502.jpeg
retail, 2378652.jpeg
retail, 2378973.jpeg
retail, 2379119.jpeg
retail, 2379427.jpeg
retail, 2379681.jpeg
retail, 2380575.jpeg
retail, 2381245.jpeg
retail, 2381457.jpeg
retail, 2381758.jpeg
retail, 2382223.jpeg
retail, 2382375.jpeg
retail, 2382410.jpeg
retail, 2382704.jpeg
retail, 2382885.jpeg
retail, 2383165.jpeg
retail, 2383737.jpeg
retail, 2383841.jpeg
retail, 2383852.jpeg
retail, 2384009.jpeg
retail, 2384302.jpeg
retail, 2384403.jpeg
retail, 2384665.jpeg
retail, 2385793.jpeg
retail, 2385825.jpeg
retail, 2386036.jpeg
retail, 2386068.jpeg
retail, 2386132.jpeg
retail, 2386135.jpeg
retail, 2386141.jpeg
retail, 2386468.jpeg
retail, 2386550.jpeg
retail, 2386983.jpeg
retail, 2387008.jpeg
retail, 2387040.jpeg
retail, 2387144.jpeg
retail, 2387417.jpeg
retail, 2387618.jpeg
retail, 2387663.jpeg
retail, 2387769.jpeg
retail, 2387937.jpeg
retail, 2387974.jpeg
retail, 2388088.jpeg
retail, 2388359.jpeg
retail, 2388607.jpeg
retail, 2388879.jpeg
retail, 2389004.jpeg
retail, 2389885.jpeg
retail, 2389891.jpeg
retail, 2390052.jpeg
retail, 2390488.jpeg
retail, 2391108.jpeg
retail, 2391109.jpeg
retail, 2391110.jpeg
retail, 2391115.jpeg
retail, 2391116.jpeg
retail, 2391119.jpeg
retail, 2391120.jpeg
retail, 2391121.jpeg
retail, 2391122.jpeg
retail, 2391736.jpeg
retail, 2391850.jpeg
retail, 2392138.jpeg
retail, 2392238.jpeg
retail, 2392419.jpeg
retail, 2392588.jpeg
retail, 2392703.jpeg
retail, 2392763.jpeg
retail, 2392970.jpeg
retail, 2392977.jpeg
retail, 2393009.jpeg
retail, 2393048.jpeg
retail, 2393645.jpeg
retail, 2393749.jpeg
retail, 2393953.jpeg
retail, 2394056.jpeg
retail, 2394258.jpeg
retail, 2394352.jpeg
retail, 2394528.jpeg
retail, 2394568.jpeg
retail, 2394591.jpeg
retail, 2394725.jpeg
retail, 2394871.jpeg
retail, 2394876.jpeg
retail, 2395093.jpeg
retail, 2395120.jpeg
retail, 2395577.jpeg
retail, 2395734.jpeg
retail, 2396726.jpeg
retail, 2396778.jpeg
retail, 2396857.jpeg
retail, 2396916.jpeg
retail, 2397041.jpeg
retail, 2397465.jpeg
retail, 2397485.jpeg
retail, 2398734.jpeg
retail, 2398736.jpeg
retail, 2398869.jpeg
retail, 2398979.jpeg
retail, 2399638.jpeg
retail, 2399641.jpeg
retail, 2399651.jpeg
retail, 2399843.jpeg
retail, 2400033.jpeg
retail, 2400271.jpeg
retail, 2400338.jpeg
retail, 2401192.jpeg
retail, 2401195.jpeg
retail, 2401268.jpeg
retail, 2401402.jpeg
retail, 2401871.jpeg
retail, 2402004.jpeg
retail, 2402505.jpeg
retail, 2402508.jpeg
retail, 2402509.jpeg
retail, 2402510.jpeg
retail, 2402932.jpeg
retail, 2403558.jpeg
retail, 2403829.jpeg
retail, 2404124.jpeg
retail, 2404482.jpeg
retail, 2404709.jpeg
retail, 2405315.jpeg
retail, 2406588.jpeg
retail, 2406673.jpeg
retail, 2407950.jpeg
retail, 2408381.jpeg
retail, 2408785.jpeg
retail, 2409070.jpeg
retail, 2409284.jpeg
retail, 2409489.jpeg
retail, 2409851.jpeg
retail, 2410045.jpeg
retail, 2410393.jpeg
retail, 2410546.jpeg
retail, 2410621.jpeg
retail, 2411699.jpeg
retail, 2411721.jpeg
retail, 2411793.jpeg
retail, 2411807.jpeg
retail, 2411838.jpeg
retail, 2412060.jpeg
retail, 2412266.jpeg
retail, 2412903.jpeg
retail, 2413276.jpeg
retail, 2413312.jpeg
retail, 2413684.jpeg
retail, 2414085.jpeg
retail, 2414184.jpeg
retail, 2414191.jpeg
retail, 2414509.jpeg
retail, 2414946.jpeg
retail, 2414947.jpeg
retail, 2415155.jpeg
retail, 2415519.jpeg
retail, 2415633.jpeg
retail, 2415663.jpeg
retail, 2416559.jpeg
retail, 2416689.jpeg
retail, 2416709.jpeg
retail, 2416823.jpeg
retail, 2417010.jpeg
retail, 2417523.jpeg
retail, 2417525.jpeg
retail, 2417822.jpeg
retail, 2418149.jpeg
retail, 2418582.jpeg
retail, 2418761.jpeg
retail, 2418995.jpeg
retail, 2419423.jpeg
retail, 2419782.jpeg
retail, 2419935.jpeg
retail, 2420187.jpeg
retail, 2420507.jpeg
retail, 2420767.jpeg
retail, 2420842.jpeg
retail, 2421446.jpeg
retail, 2421561.jpeg
retail, 2421612.jpeg
retail, 2421675.jpeg
retail, 2421897.jpeg
retail, 2422270.jpeg
retail, 2422648.jpeg
retail, 2422767.jpeg
retail, 2423345.jpeg
retail, 2423381.jpeg
retail, 2423433.jpeg
retail, 2423469.jpeg
retail, 2424221.jpeg
retail, 2424611.jpeg
retail, 2424671.jpeg
retail, 2425092.jpeg
retail, 2425186.jpeg
retail, 2425616.jpeg
retail, 2425957.jpeg
retail, 2425989.jpeg
retail, 2426072.jpeg
retail, 2426423.jpeg
retail, 2426426.jpeg
retail, 2426460.jpeg
retail, 2426463.jpeg
retail, 2426555.jpeg
retail, 2426600.jpeg
retail, 2427179.jpeg
retail, 2428143.jpeg
retail, 2428230.jpeg
retail, 2428277.jpeg
retail, 2428519.jpeg
retail, 2428954.jpeg
retail, 2428971.jpeg
retail, 2429205.jpeg
retail, 2429437.jpeg
retail, 2429469.jpeg
retail, 2429479.jpeg
retail, 2429600.jpeg
retail, 2429624.jpeg
retail, 2429668.jpeg
retail, 2429724.jpeg
retail, 2430102.jpeg
retail, 2430104.jpeg
retail, 2430410.jpeg
retail, 2430806.jpeg
retail, 2430844.jpeg
retail, 2430906.jpeg
retail, 2430930.jpeg
retail, 2431300.jpeg
retail, 2431471.jpeg
retail, 2431942.jpeg
retail, 2432118.jpeg
retail, 2432270.jpeg
retail, 2432701.jpeg
retail, 2432886.jpeg
retail, 2432895.jpeg
retail, 2433811.jpeg
retail, 2433842.jpeg
retail, 2433882.jpeg
retail, 2433942.jpeg
retail, 2434355.jpeg
retail, 2434636.jpeg
retail, 2435489.jpeg
retail, 2435615.jpeg
retail, 2436108.jpeg
retail, 2436135.jpeg
retail, 2436533.jpeg
retail, 2436577.jpeg
retail, 2436867.jpeg
retail, 2436881.jpeg
retail, 2436964.jpeg
retail, 2437104.jpeg
retail, 2437179.jpeg
retail, 2437213.jpeg
retail, 2437382.jpeg
retail, 2437810.jpeg
retail, 2438033.jpeg
retail, 2438308.jpeg
retail, 2438603.jpeg
retail, 2439071.jpeg
retail, 2439321.jpeg
retail, 2439400.jpeg
retail, 2439723.jpeg
retail, 2440025.jpeg
retail, 2440052.jpeg
retail, 2440089.jpeg
retail, 2440603.jpeg
retail, 2440748.jpeg
retail, 2440988.jpeg
retail, 2440991.jpeg
retail, 2441146.jpeg
retail, 2441216.jpeg
retail, 2441469.jpeg
retail, 2441529.jpeg
retail, 2441647.jpeg
retail, 2442727.jpeg
retail, 2443105.jpeg
retail, 2443531.jpeg
retail, 2443534.jpeg
retail, 2443723.jpeg
retail, 2444263.jpeg
retail, 2444418.jpeg
retail, 2444847.jpeg
retail, 2444853.jpeg
retail, 2445037.jpeg
retail, 2446097.jpeg
retail, 2446279.jpeg
retail, 2446418.jpeg
retail, 2446612.jpeg
retail, 2446883.jpeg
retail, 2446929.jpeg
retail, 2446951.jpeg
retail, 2447058.jpeg
retail, 2447269.jpeg
retail, 2447436.jpeg
retail, 2447652.jpeg
retail, 2448718.jpeg
retail, 2448834.jpeg
retail, 2449039.jpeg
retail, 2449456.jpeg
retail, 2450177.jpeg
retail, 2450267.jpeg
retail, 2450811.jpeg
retail, 2451094.jpeg
retail, 2451573.jpeg
retail, 2452230.jpeg
retail, 2452254.jpeg
retail, 2452377.jpeg
retail, 2452467.jpeg
retail, 2452640.jpeg
retail, 2452819.jpeg
retail, 2452858.jpeg
retail, 2453246.jpeg
retail, 2453268.jpeg
retail, 2453572.jpeg
retail, 2453643.jpeg
retail, 2453758.jpeg
retail, 2454134.jpeg
retail, 2454664.jpeg
retail, 2455257.jpeg
retail, 2455282.jpeg
retail, 2455746.jpeg
retail, 2455934.jpeg
retail, 2456151.jpeg
retail, 2456304.jpeg
retail, 2456808.jpeg
retail, 2457437.jpeg
retail, 2457616.jpeg
retail, 2457619.jpeg
retail, 2457988.jpeg
retail, 2458296.jpeg
retail, 2458306.jpeg
retail, 2458310.jpeg
retail, 2458347.jpeg
retail, 2458348.jpeg
retail, 2458418.jpeg
retail, 2458458.jpeg
retail, 2458504.jpeg
retail, 2458638.jpeg
retail, 2458655.jpeg
retail, 2458735.jpeg
retail, 2459026.jpeg
retail, 2459238.jpeg
retail, 2459260.jpeg
retail, 2460671.jpeg
retail, 2460933.jpeg
retail, 2461136.jpeg
retail, 2461585.jpeg
retail, 2461655.jpeg
retail, 2461701.jpeg
retail, 2462187.jpeg
retail, 2462228.jpeg
retail, 2462761.jpeg
retail, 2463111.jpeg
retail, 2463157.jpeg
retail, 2463378.jpeg
retail, 2463448.jpeg
retail, 2463605.jpeg
retail, 2463755.jpeg
retail, 2464647.jpeg
retail, 2464734.jpeg
retail, 2464778.jpeg
retail, 2465331.jpeg
retail, 2465334.jpeg
retail, 2465470.jpeg
retail, 2465687.jpeg
retail, 2466069.jpeg
retail, 2466078.jpeg
retail, 2466082.jpeg
retail, 2466140.jpeg
retail, 2466422.jpeg
retail, 2467289.jpeg
retail, 2467351.jpeg
retail, 2467605.jpeg
retail, 2467959.jpeg
retail, 2468059.jpeg
retail, 2468171.jpeg
retail, 2468427.jpeg
retail, 2468445.jpeg
retail, 2468876.jpeg
retail, 2469215.jpeg
retail, 2469409.jpeg
retail, 2470116.jpeg
retail, 2470201.jpeg
retail, 2470488.jpeg
retail, 2470524.jpeg
retail, 2470735.jpeg
retail, 2470738.jpeg
retail, 2470851.jpeg
retail, 2470854.jpeg
retail, 2471126.jpeg
retail, 2471224.jpeg
retail, 2471635.jpeg
retail, 2471875.jpeg
retail, 2472300.jpeg
retail, 2472649.jpeg
retail, 2472700.jpeg
retail, 2472735.jpeg
retail, 2472869.jpeg
retail, 2473331.jpeg
retail, 2473826.jpeg
retail, 2474255.jpeg
retail, 2474502.jpeg
retail, 2474540.jpeg
retail, 2475771.jpeg
retail, 2475843.jpeg
retail, 2475890.jpeg
retail, 2475945.jpeg
retail, 2475977.jpeg
retail, 2476012.jpeg
retail, 2476616.jpeg
retail, 2477133.jpeg
retail, 2477299.jpeg
retail, 2477305.jpeg
retail, 2477922.jpeg
retail, 2478068.jpeg
retail, 2478177.jpeg
retail, 2478694.jpeg
retail, 2478774.jpeg
retail, 2478964.jpeg
retail, 2478974.jpeg
retail, 2479043.jpeg
retail, 2479416.jpeg
retail, 2479532.jpeg
retail, 2480136.jpeg
retail, 2480164.jpeg
retail, 2480239.jpeg
retail, 2480801.jpeg
retail, 2481074.jpeg
retail, 2481083.jpeg
retail, 2481429.jpeg
retail, 2481581.jpeg
retail, 2481822.jpeg
retail, 2481883.jpeg
retail, 2481900.jpeg
retail, 2482184.jpeg
retail, 2482352.jpeg
retail, 2482380.jpeg
retail, 2482396.jpeg
retail, 2482602.jpeg
retail, 2482625.jpeg
retail, 2483857.jpeg
retail, 2484122.jpeg
retail, 2484547.jpeg
retail, 2484835.jpeg
retail, 2484838.jpeg
retail, 2484839.jpeg
retail, 2484869.jpeg
retail, 2484998.jpeg
retail, 2485014.jpeg
retail, 2485234.jpeg
retail, 2485467.jpeg
retail, 2485900.jpeg
retail, 2486041.jpeg
retail, 2486249.jpeg
retail, 2486466.jpeg
retail, 2487220.jpeg
retail, 2487347.jpeg
retail, 2487350.jpeg
retail, 2487606.jpeg
retail, 2487843.jpeg
retail, 2489721.jpeg
retail, 2490143.jpeg
retail, 2490400.jpeg
retail, 2490677.jpeg
retail, 2490987.jpeg
retail, 2490990.jpeg
retail, 2491220.jpeg
retail, 2491296.jpeg
retail, 2491334.jpeg
retail, 2491380.jpeg
retail, 2491401.jpeg
retail, 2491440.jpeg
retail, 2491856.jpeg
retail, 2492114.jpeg
retail, 2492423.jpeg
retail, 2493291.jpeg
retail, 2493303.jpeg
retail, 2493760.jpeg
retail, 2494061.jpeg
retail, 2494610.jpeg
retail, 2494637.jpeg
retail, 2494946.jpeg
retail, 2494977.jpeg
retail, 2494993.jpeg
retail, 2495172.jpeg
retail, 2495799.jpeg
retail, 2496131.jpeg
retail, 2496415.jpeg
retail, 2496466.jpeg
retail, 2496717.jpeg
retail, 2496892.jpeg
retail, 2497208.jpeg
retail, 2497217.jpeg
retail, 2497720.jpeg
retail, 2498006.jpeg
retail, 2498146.jpeg
retail, 2498168.jpeg
retail, 2498482.jpeg
retail, 2498486.jpeg
retail, 2498576.jpeg
retail, 2498646.jpeg
retail, 2498972.jpeg
retail, 2499046.jpeg
retail, 2499071.jpeg
retail, 2499320.jpeg
retail, 2500907.jpeg
retail, 2500929.jpeg
retail, 2500941.jpeg
retail, 2500981.jpeg
retail, 2500984.jpeg
retail, 2501272.jpeg
retail, 2501329.jpeg
retail, 2501451.jpeg
retail, 2501458.jpeg
retail, 2501459.jpeg
retail, 2501460.jpeg
retail, 2501461.jpeg
retail, 2501462.jpeg
retail, 2501569.jpeg
retail, 2501857.jpeg
retail, 2501860.jpeg
retail, 2502179.jpeg
retail, 2502245.jpeg
retail, 2502419.jpeg
retail, 2502783.jpeg
retail, 2502879.jpeg
retail, 2502911.jpeg
retail, 2503038.jpeg
retail, 2504094.jpeg
retail, 2504568.jpeg
retail, 2504585.jpeg
retail, 2505281.jpeg
retail, 2505358.jpeg
retail, 2505361.jpeg
retail, 2505362.jpeg
retail, 2505448.jpeg
retail, 2505612.jpeg
retail, 2505784.jpeg
retail, 2506194.jpeg
retail, 2506318.jpeg
retail, 2506426.jpeg
retail, 2506656.jpeg
retail, 2506659.jpeg
retail, 2506681.jpeg
retail, 2506736.jpeg
retail, 2506771.jpeg
retail, 2507142.jpeg
retail, 2507172.jpeg
retail, 2507455.jpeg
retail, 2507790.jpeg
retail, 2507804.jpeg
retail, 2507981.jpeg
retail, 2508131.jpeg
retail, 2508545.jpeg
retail, 2508547.jpeg
retail, 2508647.jpeg
retail, 2508778.jpeg
retail, 2509020.jpeg
retail, 2509091.jpeg
retail, 2509324.jpeg
retail, 2509627.jpeg
retail, 2509633.jpeg
retail, 2510074.jpeg
retail, 2510183.jpeg
retail, 2510349.jpeg
retail, 2510596.jpeg
retail, 2510768.jpeg
retail, 2510920.jpeg
retail, 2511017.jpeg
retail, 2511030.jpeg
retail, 2511047.jpeg
retail, 2511322.jpeg
retail, 2511357.jpeg
retail, 2511697.jpeg
retail, 2511797.jpeg
retail, 2511810.jpeg
retail, 2511829.jpeg
retail, 2511833.jpeg
retail, 2512124.jpeg
retail, 2512221.jpeg
retail, 2512406.jpeg
retail, 2512810.jpeg
retail, 2512899.jpeg
retail, 2513469.jpeg
retail, 2513721.jpeg
retail, 2513804.jpeg
retail, 2514240.jpeg
retail, 2514798.jpeg
retail, 2514960.jpeg
retail, 2515071.jpeg
retail, 2515973.jpeg
retail, 2516125.jpeg
retail, 2516306.jpeg
retail, 2516371.jpeg
retail, 2516760.jpeg
retail, 2517002.jpeg
retail, 2517153.jpeg
retail, 2517312.jpeg
retail, 2517541.jpeg
retail, 2517969.jpeg
retail, 2518027.jpeg
retail, 2519185.jpeg
retail, 2519424.jpeg
retail, 2519685.jpeg
retail, 2519715.jpeg
retail, 2520019.jpeg
retail, 2520297.jpeg
retail, 2520534.jpeg
retail, 2520591.jpeg
retail, 2520956.jpeg
retail, 2521013.jpeg
retail, 2521307.jpeg
retail, 2521561.jpeg
retail, 2521611.jpeg
retail, 2521758.jpeg
retail, 2521784.jpeg
retail, 2521940.jpeg
retail, 2522248.jpeg
retail, 2522292.jpeg
retail, 2522407.jpeg
retail, 2522786.jpeg
retail, 2522826.jpeg
retail, 2522897.jpeg
retail, 2523010.jpeg
retail, 2523126.jpeg
retail, 2523713.jpeg
retail, 2524159.jpeg
retail, 2524166.jpeg
retail, 2524399.jpeg
retail, 2524861.jpeg
retail, 2525282.jpeg
retail, 2525286.jpeg
retail, 2525359.jpeg
retail, 2526504.jpeg
retail, 2526595.jpeg
retail, 2526667.jpeg
retail, 2526899.jpeg
retail, 2527516.jpeg
retail, 2527519.jpeg
retail, 2527561.jpeg
retail, 2527647.jpeg
retail, 2527658.jpeg
retail, 2527738.jpeg
retail, 2527765.jpeg
retail, 2527972.jpeg
retail, 2528401.jpeg
retail, 2528691.jpeg
retail, 2528733.jpeg
retail, 2529165.jpeg
retail, 2529542.jpeg
retail, 2529938.jpeg
retail, 2530117.jpeg
retail, 2530404.jpeg
retail, 2530469.jpeg
retail, 2530571.jpeg
retail, 2530588.jpeg
retail, 2530603.jpeg
retail, 2530666.jpeg
retail, 2530771.jpeg
retail, 2530926.jpeg
retail, 2531444.jpeg
retail, 2531771.jpeg
retail, 2531779.jpeg
retail, 2531979.jpeg
retail, 2532107.jpeg
retail, 2532108.jpeg
retail, 2532172.jpeg
retail, 2532338.jpeg
retail, 2532466.jpeg
retail, 2532468.jpeg
retail, 2532506.jpeg
retail, 2532527.jpeg
retail, 2532623.jpeg
retail, 2533202.jpeg
retail, 2533208.jpeg
retail, 2533561.jpeg
retail, 2533576.jpeg
retail, 2533592.jpeg
retail, 2533924.jpeg
retail, 2533958.jpeg
retail, 2534127.jpeg
retail, 2534274.jpeg
retail, 2534520.jpeg
retail, 2534522.jpeg
retail, 2535087.jpeg
retail, 2535096.jpeg
retail, 2535155.jpeg
retail, 2535563.jpeg
retail, 2535575.jpeg
retail, 2536194.jpeg
retail, 2536307.jpeg
retail, 2536660.jpeg
retail, 2536663.jpeg
retail, 2536749.jpeg
retail, 2536774.jpeg
retail, 2536966.jpeg
retail, 2537027.jpeg
retail, 2537154.jpeg
retail, 2537163.jpeg
retail, 2537427.jpeg
retail, 2537471.jpeg
retail, 2537526.jpeg
retail, 2537676.jpeg
retail, 2537848.jpeg
retail, 2538090.jpeg
retail, 2538267.jpeg
retail, 2538290.jpeg
retail, 2538313.jpeg
retail, 2538899.jpeg
retail, 2539440.jpeg
retail, 2539598.jpeg
retail, 2539635.jpeg
retail, 2539705.jpeg
retail, 2539786.jpeg
retail, 2539866.jpeg
retail, 2540264.jpeg
retail, 2540545.jpeg
retail, 2540618.jpeg
retail, 2540799.jpeg
retail, 2540920.jpeg
retail, 2541252.jpeg
retail, 2541682.jpeg
retail, 2541694.jpeg
retail, 2541743.jpeg
retail, 2541768.jpeg
retail, 2542007.jpeg
retail, 2542155.jpeg
retail, 2542161.jpeg
retail, 2542349.jpeg
retail, 2542786.jpeg
retail, 2542862.jpeg
retail, 2542871.jpeg
retail, 2542977.jpeg
retail, 2543242.jpeg
retail, 2543344.jpeg
retail, 2543801.jpeg
retail, 2543863.jpeg
retail, 2544111.jpeg
retail, 2544354.jpeg
retail, 2544440.jpeg
retail, 2544563.jpeg
retail, 2544946.jpeg
retail, 2545048.jpeg
retail, 2545757.jpeg
retail, 2546036.jpeg
retail, 2546153.jpeg
retail, 2546282.jpeg
retail, 2546999.jpeg
retail, 2547325.jpeg
retail, 2547339.jpeg
retail, 2547514.jpeg
retail, 2547572.jpeg
retail, 2547755.jpeg
retail, 2547816.jpeg
retail, 2548391.jpeg
retail, 2548440.jpeg
retail, 2548495.jpeg
retail, 2548758.jpeg
retail, 2549097.jpeg
retail, 2549109.jpeg
retail, 2549318.jpeg
retail, 2549707.jpeg
retail, 2549897.jpeg
retail, 2550121.jpeg
retail, 2550695.jpeg
retail, 2550748.jpeg
retail, 2551002.jpeg
retail, 2551419.jpeg
retail, 2551436.jpeg
retail, 2551576.jpeg
retail, 2551737.jpeg
retail, 2552039.jpeg
retail, 2552484.jpeg
retail, 2553146.jpeg
retail, 2553303.jpeg
retail, 2553335.jpeg
retail, 2553388.jpeg
retail, 2553628.jpeg
retail, 2553641.jpeg
retail, 2553694.jpeg
retail, 2553745.jpeg
retail, 2553965.jpeg
retail, 2554031.jpeg
retail, 2554319.jpeg
retail, 2554434.jpeg
retail, 2554512.jpeg
retail, 2554874.jpeg
retail, 2555179.jpeg
retail, 2555291.jpeg
retail, 2555522.jpeg
retail, 2555581.jpeg
retail, 2555824.jpeg
retail, 2556154.jpeg
retail, 2556368.jpeg
retail, 2556370.jpeg
retail, 2556372.jpeg
retail, 2556374.jpeg
retail, 2556397.jpeg
retail, 2556526.jpeg
retail, 2556805.jpeg
retail, 2556808.jpeg
retail, 2556906.jpeg
retail, 2557370.jpeg
retail, 2557676.jpeg
retail, 2558074.jpeg
retail, 2558491.jpeg
retail, 2558557.jpeg
retail, 2559354.jpeg
retail, 2559856.jpeg
retail, 2559966.jpeg
retail, 2560942.jpeg
retail, 2561137.jpeg
retail, 2561146.jpeg
retail, 2561561.jpeg
retail, 2561681.jpeg
retail, 2561988.jpeg
retail, 2562006.jpeg
retail, 2563056.jpeg
retail, 2563379.jpeg
retail, 2563462.jpeg
retail, 2563982.jpeg
retail, 2564451.jpeg
retail, 2564491.jpeg
retail, 2564548.jpeg
retail, 2564997.jpeg
retail, 2565162.jpeg
retail, 2565495.jpeg
retail, 2565531.jpeg
retail, 2565599.jpeg
retail, 2565787.jpeg
retail, 2566661.jpeg
retail, 2567282.jpeg
retail, 2567544.jpeg
retail, 2567806.jpeg
retail, 2567818.jpeg
retail, 2569328.jpeg
retail, 2569748.jpeg
retail, 2570286.jpeg
retail, 2570338.jpeg
retail, 2570531.jpeg
retail, 2570868.jpeg
retail, 2571190.jpeg
retail, 2571334.jpeg
retail, 2571655.jpeg
retail, 2572095.jpeg
retail, 2572148.jpeg
retail, 2572230.jpeg
retail, 2572530.jpeg
retail, 2572629.jpeg
retail, 2572976.jpeg
retail, 2573122.jpeg
retail, 2573152.jpeg
retail, 2573260.jpeg
retail, 2573925.jpeg
retail, 2574014.jpeg
retail, 2574146.jpeg
retail, 2574231.jpeg
retail, 2574370.jpeg
retail, 2574391.jpeg
retail, 2574516.jpeg
retail, 2574797.jpeg
retail, 2574856.jpeg
retail, 2575132.jpeg
retail, 2575784.jpeg
retail, 2575811.jpeg
retail, 2575950.jpeg
retail, 2576036.jpeg
retail, 2576132.jpeg
retail, 2576209.jpeg
retail, 2576608.jpeg
retail, 2576700.jpeg
retail, 2577163.jpeg
retail, 2577587.jpeg
retail, 2578031.jpeg
retail, 2578056.jpeg
retail, 2578441.jpeg
retail, 2578711.jpeg
retail, 2578772.jpeg
retail, 2578804.jpeg
retail, 2578994.jpeg
retail, 2579040.jpeg
retail, 2579046.jpeg
retail, 2579394.jpeg
retail, 2580130.jpeg
retail, 2580346.jpeg
retail, 2580642.jpeg
retail, 2581103.jpeg
retail, 2581121.jpeg
retail, 2581124.jpeg
retail, 2581436.jpeg
retail, 2581820.jpeg
retail, 2582038.jpeg
retail, 2582392.jpeg
retail, 2582708.jpeg
retail, 2583034.jpeg
retail, 2583735.jpeg
retail, 2583945.jpeg
retail, 2584014.jpeg
retail, 2584424.jpeg
retail, 2584722.jpeg
retail, 2584893.jpeg
retail, 2585029.jpeg
retail, 2585641.jpeg
retail, 2585746.jpeg
retail, 2585782.jpeg
retail, 2586023.jpeg
retail, 2586052.jpeg
retail, 2586327.jpeg
retail, 2586531.jpeg
retail, 2587219.jpeg
retail, 2587608.jpeg
retail, 2587611.jpeg
retail, 2587612.jpeg
retail, 2587809.jpeg
retail, 2587825.jpeg
retail, 2588015.jpeg
retail, 2588019.jpeg
retail, 2588096.jpeg
retail, 2589008.jpeg
retail, 2589145.jpeg
retail, 2589146.jpeg
retail, 2589147.jpeg
retail, 2589282.jpeg
retail, 2589921.jpeg
retail, 2591542.jpeg
retail, 2591544.jpeg
retail, 2591559.jpeg
retail, 2591725.jpeg
retail, 2592365.jpeg
retail, 2592491.jpeg
retail, 2592622.jpeg
retail, 2592794.jpeg
retail, 2592969.jpeg
retail, 2592970.jpeg
retail, 2592974.jpeg
retail, 2593007.jpeg
retail, 2593183.jpeg
retail, 2593355.jpeg
retail, 2593589.jpeg
retail, 2594165.jpeg
retail, 2594313.jpeg
retail, 2594635.jpeg
retail, 2594734.jpeg
retail, 2594887.jpeg
retail, 2595322.jpeg
retail, 2595351.jpeg
retail, 2595389.jpeg
retail, 2595429.jpeg
retail, 2595515.jpeg
retail, 2596266.jpeg
retail, 2596355.jpeg
retail, 2596420.jpeg
retail, 2596928.jpeg
retail, 2597014.jpeg
retail, 2597215.jpeg
retail, 2597217.jpeg
